importer name,importer country (2 letter code),total # of shipments,total Kg,Total amount,# shipments from South Africa,Total tons from South Africa,Description
AFT TRADE BV,CN,1,500660.0,0,0.0,0.0,"GLOBAL MINERALS DIS TICARET ANONIM SIRKETI (TR), Shipments: 1, Tonnage: 500.66 tons"
ALECAIA AG,CN,4,6664210.0,0,0.0,0.0,"ORHUN METAL MADENCILIK INSAAT SANAYI VE TICARET ANONIM SIRKETI (TR), Shipments: 2, Tonnage: 4911.00 tons
LUMARK MADENCILIK VE TICARET ANONIM SIRKETI (TR), Shipments: 1, Tonnage: 1001.12 tons
DELTA STAR ENERJI VE MADENCILIK SANAYI VE TICARET ANONIM SIRKETI (TR), Shipments: 1, Tonnage: 752.09 tons"
ALECAİA AG,CN,2,1970600.0,0,0.0,0.0,"ORHUN METAL MADENCILIK INSAAT SANAYI VE TICARET ANONIM SIRKETI (TR), Shipments: 2, Tonnage: 1970.60 tons"
AMCOL (TIANJIN) INDUSTRIAL MINERALS,CN,43,1165800.0,0,43.0,1165.8,"GLENCORE OPERATIONS SOUTH AFRICA (PT (ZA), Shipments: 34, Tonnage: 921.82 tons
GLENCORE INTERNATIONAL AG (ZA), Shipments: 9, Tonnage: 243.98 tons"
AMCOL (TIANJIN) INDUSTRIAL MINERALS CO LTD SUZHOU BRANCH,CN,30,879420.0,0,30.0,879.42,"VOLCLAY TRADING (PTY) LTD (ZA), Shipments: 30, Tonnage: 879.42 tons"
AMCOL KOREA LTD,KR,147,3997670.0,0,147.0,3997.67,"GLENCORE INTERNATIONAL AG (ZA), Shipments: 90, Tonnage: 2380.00 tons
VOLCLAY TRADING (PTY) LTD (ZA), Shipments: 33, Tonnage: 966.99 tons
GLENCORE OPERATIONS SOUTH AFRICA (PT (ZA), Shipments: 24, Tonnage: 650.68 tons"
ANHUI TECHNOLOGY GROUP,CN,1315,35507584.0,0,0.0,0.0,"KINAY TAS VE LOJ AS (TR), Shipments: 1157, Tonnage: 32161.29 tons
ARKAS LOJISTIK ANONIM SIRKETI (TR), Shipments: 77, Tonnage: 2141.58 tons
MINTECH RESOURCES (PK), Shipments: 38, Tonnage: 1148.23 tons
M/S ASIAN MINES&MINERALS (PK), Shipments: 27, Tonnage: 40.60 tons
INDUS MINERAL (PK), Shipments: 10, Tonnage: 9.97 tons"
ASIA NAVIGATION CORPORATION LTD,CN,1,28330.0,0,1.0,28.33,"ALPHA SHIPPING PTY LTD (ZA), Shipments: 1, Tonnage: 28.33 tons"
ASIA PACIFIC GLASS CO LTD,TH,5,141150.0,0,5.0,141.15,"PRINCE MINERALS SA (PTY) LTD (ZA), Shipments: 5, Tonnage: 141.15 tons"
ASIA STEEL&METALS LTD SHANGHAI,CN,55,1603440.0,0,55.0,1603.44,"ASIA STEEL&METALS LTD (ZA), Shipments: 55, Tonnage: 1603.44 tons"
BAOSTEEL RESOURCES INTERNATIONAL,CN,317,8734606.0,0,293.0,8708.25,"BAOSTEEL RESOURCES SOUTH AFRICA (ZA), Shipments: 182, Tonnage: 5410.86 tons
BAOSTEEL RESOURCES SOUTH AFRICA (PTY) LTD (ZA), Shipments: 111, Tonnage: 3297.39 tons
M/S ASIAN MINES&MINERALS (PK), Shipments: 12, Tonnage: 16.67 tons
INDUS MINERAL (PK), Shipments: 7, Tonnage: 7.16 tons
AL HAMZA EXPORTS (PK), Shipments: 5, Tonnage: 2.52 tons"
BARALOGAM MULTIJAYA,ID,1,0.0,0,0.0,0.0,"HENAN SICHENG ABRASIVES TECH CO LTD (CN), Shipments: 1, Tonnage: 0.00 tons"
BARE SYNDICATE FZCO,CN,4,3780.0,0,0.0,0.0,"UNIVERSAL MINERALS TRADING COMPANY (PK), Shipments: 4, Tonnage: 3.78 tons"
BEIJING DAXINGXINGYE ENGINEERING MACHINERY EQUIPMENT CO LTD,CN,2,992.0,0,0.0,0.0,"SELEARN ENGINEERING MACHINERY (PRIVATE) LTD (PK), Shipments: 2, Tonnage: 0.99 tons"
BEIJING JIUDA HANTANG TRADING,CN,147,6882889.02,0,0.0,0.0,"GLOBAL CHROMITE MINING LLC (OM), Shipments: 140, Tonnage: 3889.80 tons
JADARO MINERAL TRADING (PH), Shipments: 1, Tonnage: 2086.00 tons
PEMLINE EXPORT TRADING COMPANY (PH), Shipments: 3, Tonnage: 606.59 tons
OPHIR MINERAL VENTURES INC (PH), Shipments: 2, Tonnage: 300.00 tons
MAXI ENGINEERING (PRIVATE) LTD (PK), Shipments: 1, Tonnage: 0.50 tons"
BEIJING LY METALS&MINING CO LTD,CN,91,2622630.0,0,56.0,1669.58,"CAPTURE METAL PTE LTD (ZA), Shipments: 56, Tonnage: 1669.58 tons
MULTI METALS HARBOUR PTE LTD (AL), Shipments: 35, Tonnage: 953.05 tons"
BH MINERAL CO LTD,CN,1,188.35,0,0.0,0.0,"UNITED ENTERPRISES (PK), Shipments: 1, Tonnage: 0.19 tons"
BH MINERALS CO,CN,2,1100.0,0,0.0,0.0,"M/S ASIAN MINES&MINERALS (PK), Shipments: 2, Tonnage: 1.10 tons"
BH MINERALS CO LTD,CN,10,1822.24,0,0.0,0.0,"UNITED ENTERPRISES (PK), Shipments: 7, Tonnage: 1.14 tons
USSA ENTERPRISES (PK), Shipments: 2, Tonnage: 0.39 tons
MARVEL ENTERPRISE (PK), Shipments: 1, Tonnage: 0.29 tons"
BOZHOU YOUSHANTANG BIOTECHNOLOGY,CN,1,28720.0,0,0.0,0.0,"AMIGOS INTERNATIONAL COMMERCE (CM), Shipments: 1, Tonnage: 28.72 tons"
BS METAL CO LTD,KR,15,315925.0,0,15.0,315.925,"RAND YORK MINERALS (ZA), Shipments: 15, Tonnage: 315.93 tons"
C AND D (HAINAN) CO. LTD,CN,17,488410.0,0,0.0,0.0,"DEVENDRA TRADING (L.L.C)  (AL), Shipments: 17, Tonnage: 488.41 tons"
C STEINWEG BRIDGE (PTY) LTD,CN,36,1069020.0,0,36.0,1069.02,"SAMBHIC RESOURCES FZC (ZA), Shipments: 36, Tonnage: 1069.02 tons"
C&D (CHENGDU) CO LTD,CN,374,10644340.0,0,37.0,1098.36,"OAKTRON FZE (AL), Shipments: 144, Tonnage: 4161.12 tons
ARKAS LOJISTIK ANONIM SIRKETI (TR), Shipments: 122, Tonnage: 3406.47 tons
KINAY TAS VE LOJ AS (TR), Shipments: 71, Tonnage: 1978.39 tons
GLOBUSSTAR TRADING CO LLC (ZA), Shipments: 37, Tonnage: 1098.36 tons"
C&D (CHONGQING) CO LTD,CN,6,4916.0,0,0.0,0.0,"M/S ASIAN MINES&MINERALS (PK), Shipments: 3, Tonnage: 2.58 tons
DELTA RESOURCES (PK), Shipments: 3, Tonnage: 2.34 tons"
C&D (HAINAN) CO LTD,CN,630,19513157.33,0,244.0,7143.095,"ZULU METAL TRADE (PTY) LTD (ZA), Shipments: 164, Tonnage: 4864.69 tons
SARA INTERNATIONAL HK (AL), Shipments: 144, Tonnage: 4065.12 tons
ZONGFAN INTERNATIONAL TRADING (MZ), Shipments: 96, Tonnage: 2726.83 tons
ARKAS LOJISTIK ANONIM SIRKETI. (TR), Shipments: 88, Tonnage: 2431.87 tons
MHS DIS TICARET ANONIM SIRKETI (TR), Shipments: 1, Tonnage: 1490.90 tons"
C&D (WUHAN) CO,CN,2,2200.0,0,0.0,0.0,"M/S ASIAN MINES&MINERALS (PK), Shipments: 2, Tonnage: 2.20 tons"
CHANGSHA GUOYU INTERNATIONAL TRADE CO LTD,CN,43,1092336.0,0,0.0,0.0,"WHALE THINK INTERNATIONAL LTD (MZ), Shipments: 40, Tonnage: 1089.20 tons
GHOURI MINNING ENTERPRISE (PK), Shipments: 3, Tonnage: 3.14 tons"
CHENGDU KEERUN INVESTMENT CO LTD,CN,263,7155837.0,0,0.0,0.0,"ARKAS LOJISTIK ANONIM SIRKETI (TR), Shipments: 144, Tonnage: 4003.09 tons
KINAY TAS VE LOJ AS (TR), Shipments: 113, Tonnage: 3142.14 tons
GHOURI MINNING ENTERPRISE (PK), Shipments: 2, Tonnage: 4.37 tons
M/S ASIAN MINES&MINERALS (PK), Shipments: 1, Tonnage: 3.28 tons
INDUS MINERAL (PK), Shipments: 3, Tonnage: 2.97 tons"
CHENGDU NAPOHILL INTERNATIONAL TRADING CO LTD,CN,1298,40869870.0,0,260.0,7755.64,"JACKSON MINERALS CO LTD (AL), Shipments: 830, Tonnage: 22899.13 tons
JACKSON MINERALS CO. LIMITED (AL), Shipments: 133, Tonnage: 8052.39 tons
JACKSON MINERALS CO LTD (ZA), Shipments: 188, Tonnage: 5608.62 tons
JACKSON MINERALS CO LTD (MZ), Shipments: 75, Tonnage: 2162.71 tons
JACKSON MINERALS CO. LIMITED (ZA), Shipments: 72, Tonnage: 2147.02 tons"
CHENZHOU ZESHAN SUPPLY CHAIN SERVICES CO LTD,CN,3,81680.0,0,3.0,81.68,"UPYA VENTURES RSA PTY LTD (ZA), Shipments: 3, Tonnage: 81.68 tons"
CHEONGFULI (HONG KONG) COMPANY LTD,CN,6,12048000.0,0,0.0,0.0,"BILFER MADENCILIK VE IHRACAT ANONIM SIRKETI (TR), Shipments: 6, Tonnage: 12048.00 tons"
CHIFENG JINTONG CUPREOUS INDUSTRY,CN,1,27230.0,0,1.0,27.23,"NEW SPREAD TRADING LTD (ZA), Shipments: 1, Tonnage: 27.23 tons"
CHINA AFRICA (HUNAN) BARTER CO LTD,CN,95,2681850.0,0,0.0,0.0,"TAKELA GROUP (PTY) LTD (MZ), Shipments: 95, Tonnage: 2681.85 tons"
CHINA CHENGTONG INTERNATIONAL CO LTD,CN,562,26210490.0,0,439.0,13110.16,"BAOSTEEL RESOURCES SOUTH AFRICA (ZA), Shipments: 297, Tonnage: 8891.60 tons
HAYRI OGELMAN MADENCILIK ANONIM SIRKETI (TR), Shipments: 3, Tonnage: 7581.09 tons
BAOSTEEL RESOURCES SOUTH AFRICA (PTY) LTD (ZA), Shipments: 105, Tonnage: 3118.56 tons
CVK MADEN ISLETMELERI SANAYI VE TICARET ANONIM SIRKETI (TR), Shipments: 1, Tonnage: 2156.00 tons
ULTIMATE RESOURCES GENERAL TRADING (AL), Shipments: 60, Tonnage: 1663.80 tons"
CHINA MEHECO TRADITIONAL MEDICINES,CN,5,124150.0,0,5.0,124.15,"RESOLUTION LTD (ZA), Shipments: 5, Tonnage: 124.15 tons"
CHINA NATIONAL MINERALS CO LTD,CN,193,44998670.0,0,0.0,0.0,"HAYRI OGELMAN MADENCILIK ANONIM SIRKETI (TR), Shipments: 5, Tonnage: 19497.62 tons
MHS DIS TICARET ANONIM SIRKETI (TR), Shipments: 3, Tonnage: 5952.21 tons
CVK MADEN ISLETMELERI SANAYI VE TICARET ANONIM SIRKETI (TR), Shipments: 1, Tonnage: 5381.88 tons
MANOLYA MADENCILIK ANONIM SIRKETI (TR), Shipments: 4, Tonnage: 4327.26 tons
ZAIMOGLU PETROL VE INSAAT URETIM PAZARLAMA SANAYI VE TICARET ANONIM SIRKETI (TR), Shipments: 1, Tonnage: 2931.91 tons"
CHINA OCEAN SHIPPING AGENCY SHANGHA,CN,21,598000.0,0,21.0,598.0,"UNIKING MIDDLE EAST TRADING LLC (ZA), Shipments: 21, Tonnage: 598.00 tons"
CHINALIGHT RESOURCES IMPORT&EXPO,CN,125,3471540.0,0,0.0,0.0,"KINAY TAS VE LOJ AS (TR), Shipments: 125, Tonnage: 3471.54 tons"
CHONGQING CHEMINMETALS RESOURCES,CN,44,1242120.0,0,0.0,0.0,"NAJ INTERNATIONAL FZ LLC (OM), Shipments: 44, Tonnage: 1242.12 tons"
CHONGQING CHEMINMETALS RESOURCES LTD,CN,1,952.0,0,0.0,0.0,"M/S ASIAN MINES&MINERALS (PK), Shipments: 1, Tonnage: 0.95 tons"
CHONGQING IRON & STEEL (HONG KONG) CO. LIMITED,CN,108,3207680.0,0,108.0,3207.68,"GLOBUSTARR TRADING COMPANY LLC (ZA), Shipments: 74, Tonnage: 2198.02 tons
STAMCORP INTERNATIONAL PTE LTD (ZA), Shipments: 34, Tonnage: 1009.66 tons"
CHONGQING IRON&STEEL (HONG KONG) CO LTD,CN,293,8701840.0,0,293.0,8701.84,"GLOBUSTARR TRADING COMPANY LLC (ZA), Shipments: 221, Tonnage: 6563.08 tons
STAMCORP INTERNATIONAL PTE LTD (ZA), Shipments: 72, Tonnage: 2138.76 tons"
CHUCHI HUATUO (NINGBO) TRADING CO LT,CN,36,924140.0,0,36.0,924.14,"CROSS AFRICA INTERNATIONAL LOGISTICS (ZA), Shipments: 36, Tonnage: 924.14 tons"
CHUSHI HUATUO (NINGBO) TRADING CO LTD,CN,39,1197690.0,0,0.0,0.0,"ZHONGFEI TRADING CO LTD (MZ), Shipments: 39, Tonnage: 1197.69 tons"
CITIC COMMODITIES PTE LTD,CN,62,3819305.0,0,0.0,0.0,"BILFER MADENCILIK VE IHRACAT ANONIM SIRKETI (TR), Shipments: 1, Tonnage: 2003.00 tons
MINTECH RESOURCES (PK), Shipments: 49, Tonnage: 1480.72 tons
KLC GEMI A LOJ HIZ SAN TIC LTD STI (TR), Shipments: 12, Tonnage: 335.58 tons"
CITIC METAL (NINGBO) CO LTD,CN,1062,28918260.0,0,0.0,0.0,"YUANDA JUHUA INTERNATIONAL (AL), Shipments: 1062, Tonnage: 28918.26 tons"
CITIC METAL (NINGBO) CO. LTD,CN,100,2723000.0,0,0.0,0.0,"YUANDA JUHUA INTERNATIONAL (AL), Shipments: 100, Tonnage: 2723.00 tons"
CM KOREA,KR,2,58390.0,0,2.0,58.39,"KIMPE SARL (ZA), Shipments: 2, Tonnage: 58.39 tons"
CORE COMMODITIES PTE LTD,CN,67,13281.426000000001,0,0.0,0.0,"HAMSA MINERALS (PK), Shipments: 67, Tonnage: 13.28 tons"
CYN MINERALS GROUP HONG KONG LTD,CN,2,1100.0,0,0.0,0.0,"SUPERIOR MINERALS (PK), Shipments: 2, Tonnage: 1.10 tons"
DALIAN GANGWO INTERNATIONAL TRADING CO LTD,CN,34,1010320.0,0,34.0,1010.32,"ZULU METAL TRADE (PTY) LTD (ZA), Shipments: 34, Tonnage: 1010.32 tons"
DALIAN HAIMING RISING TRADING COMPANY,CN,3,356.12,0,0.0,0.0,"USSA ENTERPRISES (PK), Shipments: 2, Tonnage: 0.30 tons
UNITED ENTERPRISES (PK), Shipments: 1, Tonnage: 0.06 tons"
DALIAN HYBERRY IMPORT&EXPORT TRADI,CN,1,398420.0,0,0.0,0.0,"KLC GEMI A LOJ HIZ SAN TIC LTD STI (TR), Shipments: 1, Tonnage: 398.42 tons"
DALIAN ZINTAL PRODUCTS CO LTD,CN,22,621060.0,0,0.0,0.0,"METLONG MINING&MINERALS CO LTD (MZ), Shipments: 22, Tonnage: 621.06 tons"
DASHIQIAO ZHONGJIAN MAGNESIA BRICK C,CN,9,244750.0,0,9.0,244.75,"THEMBA DRYCARGO (PTY) LTD (ZA), Shipments: 9, Tonnage: 244.75 tons"
DEJI RESOURCES TRADING COMPANY LTD,CN,6,3018.0,0,0.0,0.0,"MDM ENTERPRISES (PK), Shipments: 6, Tonnage: 3.02 tons"
DELIMA COMMODITY TRADING LTD,CN,124,77498980.0,0,0.0,0.0,"DELOR MADENCILIK SANTIC AS (TR), Shipments: 33, Tonnage: 29810.47 tons
BILFER MADENCILIK VE IHRACAT ANONIM SIRKETI (TR), Shipments: 5, Tonnage: 12013.43 tons
AKSU GRUP MADENCILIK IC VE DIS TICARET ANONIM SIRKETI (TR), Shipments: 4, Tonnage: 9000.00 tons
FERSAN MADENCILIK TARIMSAL ÜR SAN VE DISTIC LTD STI (TR), Shipments: 7, Tonnage: 8182.67 tons
ELMACI MADENCILIK INSAAT SANAYI VE TICARET ANONIM SIRKETI (TR), Shipments: 3, Tonnage: 7961.68 tons"
DELIMA RESOURCES SA,CN,134,130564.2,0,0.0,0.0,"MINTECH RESOURCES (PK), Shipments: 129, Tonnage: 125.78 tons
MS MINTECH RESOURCES (PK), Shipments: 5, Tonnage: 4.79 tons"
DELTA COMMODITIES EUROPE BV,CN,4,2618155.0,0,0.0,0.0,"DELTA STAR ENERJI VE MADENCILIK SANAYI VE TICARET ANONIM SIRKETI (TR), Shipments: 4, Tonnage: 2618.16 tons"
DEVENDRA TRADING LLC,CN,73,2167340.0,0,73.0,2167.34,"AURIC MINING (PTY) LTD (ZA), Shipments: 73, Tonnage: 2167.34 tons"
DK INTERNATIONAL CO LTD,ID,7,147160.0,0,7.0,147.16,"THEMBA DRYCARGO (PTY) LTD (ZA), Shipments: 7, Tonnage: 147.16 tons"
EAST ASIA ALUMINUM COMPANY LTD,VN,23,0.0,0,0.0,0.0,"FULL FAVOUR PRIVATE LIMITED (CN), Shipments: 3, Tonnage: 0.00 tons
PERFECT GATEWAY ENTERPRISES LTD/FULL FAVOUR PRIVATE LIMITED (CN), Shipments: 6, Tonnage: 0.00 tons
PERFECT GATEWAY ENTERPRISES LTD/FULL FAVOUR PRIVATE LTD (CN), Shipments: 14, Tonnage: 0.00 tons"
EAST WIN RESOURCES LTD,CN,1005,29453580.0,0,146.0,4337.42,"DONAN 2024 SHPK (AL), Shipments: 264, Tonnage: 7946.24 tons
BALLGJAI COMPANY SHPK (AL), Shipments: 190, Tonnage: 5684.42 tons
AURIC MINING (PTY) LTD (ZA), Shipments: 146, Tonnage: 4337.42 tons
RO-GENT-1 SHPK (AL), Shipments: 88, Tonnage: 2396.24 tons
DIALBA SHPK (AL), Shipments: 75, Tonnage: 2235.00 tons"
EHUI GROUP LTD,CN,495,17088723.78,0,6.0,178.34,"ARKAS LOJISTIK ANONIM SIRKETI (TR), Shipments: 312, Tonnage: 8655.48 tons
KINAY TAS VE LOJ AS (TR), Shipments: 83, Tonnage: 2307.43 tons
MANOLYA MADENCILIK ANONIM SIRKETI (TR), Shipments: 1, Tonnage: 2161.78 tons
MHS DIS TIC A S (TR), Shipments: 65, Tonnage: 1935.42 tons
MHS DIS TICARET ANONIM SIRKETI (TR), Shipments: 2, Tonnage: 1821.16 tons"
EKIN MADEN (SWITZERLAND) AG,CN,1,1971000.0,0,0.0,0.0,"FERSAN MADENCILIK TARIMSAL ÜR SAN VE DISTIC LTD STI (TR), Shipments: 1, Tonnage: 1971.00 tons"
ELYESA TRADING SA,CN,21,26756855.0,0,0.0,0.0,"GLOBAL MINERALS DIS TICARET ANONIM SIRKETI (TR), Shipments: 17, Tonnage: 22687.56 tons
GÜZELDAĞ MÜTEAHHİTLİK YAPI DONANIM İNŞAAT TAAHHÜT MADENCİLİK SANAYİ VE TİCARET ANONİM ŞİRKETİ (TR), Shipments: 2, Tonnage: 3131.05 tons
K R M MADENCİLİK İTHALAT İHRACAT SAN VETİC LTD ŞTİ (TR), Shipments: 1, Tonnage: 576.86 tons
UNİMET MADENCİLİK SANAYİ VE TİCARET A Ş (TR), Shipments: 1, Tonnage: 361.39 tons"
EUNOIA FZE LLC,CN,3,2100.0,0,0.0,0.0,"INDUS MINERAL (PK), Shipments: 3, Tonnage: 2.10 tons"
FAIRMONT (HK) TRADE CO LTD,CN,38,1053740.0,0,0.0,0.0,"DONAN 2024 SHPK (AL), Shipments: 38, Tonnage: 1053.74 tons"
FIDUS VENTURE HOLDINGS PTD LTD,CN,3,542.88,0,0.0,0.0,"USSA ENTERPRISES (PK), Shipments: 3, Tonnage: 0.54 tons"
FIDUS VENTURE HOLDINGS PTE LTD,CN,2,197.05,0,0.0,0.0,"USSA ENTERPRISES (PK), Shipments: 2, Tonnage: 0.20 tons"
FORTUNE HARVEST (RIZHAO) TRADING CO LTD,CN,37,1099260.0,0,37.0,1099.26,"STAMCORP INTERNATIONAL PTE LTD (ZA), Shipments: 37, Tonnage: 1099.26 tons"
FOSECO KOREA LTD,KR,6,17606.0,0,0.0,0.0,"VESUVIUS ISTANBUL REFRAKTER SANAYI VE TICARET ANONIM SIRKETI (TR), Shipments: 6, Tonnage: 17.61 tons"
FUJIAN XINGDA IMPORT&EXPORT TRADING CO LTD,CN,78,2162210.0,0,76.0,2160.13,"MERIDIAN SHIPPING (ZA), Shipments: 40, Tonnage: 1091.49 tons
FUJAX UK LTD (ZA), Shipments: 36, Tonnage: 1068.63 tons
GULF MINERALS FZE (PVT ) LTD (PK), Shipments: 2, Tonnage: 2.08 tons"
GALMET SPA,CN,7,3258090.0,0,0.0,0.0,"TUNÇHAN METAL VE TURİZM SANAYİ TİCARET ANONİM ŞİRKETİ (TR), Shipments: 1, Tonnage: 919.94 tons
BILFER MADENCILIK VE IHRACAT ANONIM SIRKETI (TR), Shipments: 2, Tonnage: 916.25 tons
ELMACI MADENCILIK INSAAT SANAYI VE TICARET ANONIM SIRKETI (TR), Shipments: 1, Tonnage: 499.00 tons
AKMETAL MADENCILIK SANAYI VE TICARET ANONIM SIRKETI (TR), Shipments: 1, Tonnage: 483.26 tons
GALMET İTHALAT İHRACAT TİCARET ANONİM ŞİRKETİ (TR), Shipments: 2, Tonnage: 439.63 tons"
GANGWO INTERNATIONAL TRADING (HAINAN) CO LTD,CN,4,981.36,0,0.0,0.0,"PACIFIC MINERALS (PK), Shipments: 4, Tonnage: 0.98 tons"
GLENCORE CHINA LTD,CN,44,1191020.0,0,44.0,1191.02,"GLENCORE INTERNATIONAL AG (ZA), Shipments: 44, Tonnage: 1191.02 tons"
GLENCORE INTERNATIONAL AG,CN,12,19551300.0,0,0.0,0.0,"GLENCORE ISTANBUL MADENCILIK VE TICARET ANONIM SIRKETI (TR), Shipments: 10, Tonnage: 13794.00 tons
CVK MADEN ISLETMELERI SANAYI VE TICARET ANONIM SIRKETI (TR), Shipments: 2, Tonnage: 5757.30 tons"
GLOBAL MONARCH FZC UAE,CN,14,8183.28,0,0.0,0.0,"KPK CHROMITE STONE (PK), Shipments: 6, Tonnage: 4.20 tons
GULF MINERALS FZE (PVT ) LTD (PK), Shipments: 4, Tonnage: 3.38 tons
PACIFIC MINERALS (PK), Shipments: 4, Tonnage: 0.60 tons"
GLORY METAL (HONG KONG) LTD,CN,74,4429645.0,0,0.0,0.0,"KLC GEMI A LOJ HIZ SAN TIC LTD STI (TR), Shipments: 74, Tonnage: 4429.65 tons"
GLORY METAL (HONGKONG) LTD,CN,21,18231835.0,0,0.0,0.0,"LEVENT MARBLE MADENCİLİK LOJİSTİK İHRACAT İTHALAT SANAYİ TİCARET LİMİTED ŞİRKETİ (TR), Shipments: 21, Tonnage: 18231.83 tons"
GROWTH ASIA,ID,81,2139500.0,0,81.0,2139.5,"SAMCHROME FZE (ZA), Shipments: 69, Tonnage: 1811.57 tons
VOLCLAY TRADING (PTY) LTD (ZA), Shipments: 12, Tonnage: 327.93 tons"
GUANGXI FREE TRADE ZONE HONGDA,CN,25,743250.0,0,25.0,743.25,"JACKSON MINERALS CO LTD (ZA), Shipments: 25, Tonnage: 743.25 tons"
GUANGXI HEYISHENG INTERNATIONAL,CN,5,553881.0,0,0.0,0.0,"PEMLINE EXPORT TRADING COMPANY (PH), Shipments: 5, Tonnage: 553.88 tons"
GUANGXI HUAYOU LITHIUM INDUSTRY CO LTD,CN,251,7488133.0,0,226.0,6756.928,"HUAYOU (HONG KONG) CO LTD (ZA), Shipments: 226, Tonnage: 6756.93 tons
MERIDIAN SHIPPING CC (MZ), Shipments: 25, Tonnage: 731.21 tons"
GUANGXI PENGSHAN TRADE CO LTD,CN,71,2039830.0,0,0.0,0.0,"ULTIMATE RESOURCES GENERAL (AL), Shipments: 39, Tonnage: 1120.47 tons
ULTIMATE RESOURCES GENERAL TRADING (AL), Shipments: 32, Tonnage: 919.36 tons"
GUANGZHOU CHEMICALS IMP &EXP CO LTD,CN,2,2064.6,0,0.0,0.0,"NOTAN MINERALS (PK), Shipments: 2, Tonnage: 2.06 tons"
GUANGZHOU CHEMICALS IMP&EXP CO,CN,1,550.0,0,0.0,0.0,"H N METALS&MINERALS (PRIVATE) LTD (PK), Shipments: 1, Tonnage: 0.55 tons"
GUANGZHOU QR TRADING LTD,CN,37,1044510.0,0,0.0,0.0,"VAST DRAGON TRADING LTD (MZ), Shipments: 37, Tonnage: 1044.51 tons"
GUANGZHOU TENYI MINING TRADE CO LTD,CN,4,115280.0,0,4.0,115.28,"SAMBHIC RESOURCES FZC (ZA), Shipments: 4, Tonnage: 115.28 tons"
GUANGZHOU TENYI MINING TRADE CO. LTD.,CN,4,115280.0,0,4.0,115.28,"SAMBHIC RESOURCES FZC (ZA), Shipments: 4, Tonnage: 115.28 tons"
HAINAN HAIKONG INTERNATIONAL TRADE CO,CN,1,1960.0,0,0.0,0.0,"M/S ASIAN MINES&MINERALS (PK), Shipments: 1, Tonnage: 1.96 tons"
HAINAN HAIKONG INTERNATIONAL TRADE CO LTD,CN,16,11282.800000000001,0,0.0,0.0,"USSA ENTERPRISES (PK), Shipments: 8, Tonnage: 4.02 tons
UNITED ENTERPRISES (PK), Shipments: 5, Tonnage: 4.02 tons
ADAM STONE GROUP (PK), Shipments: 3, Tonnage: 3.25 tons"
HAINAN HAIKONG WUCHAN GROUP CO,CN,5,558950.0,0,0.0,0.0,"OAKTRON FZE (AL), Shipments: 1, Tonnage: 554.60 tons
M/S ASIAN MINES&MINERALS (PK), Shipments: 4, Tonnage: 4.35 tons"
HAINAN HAIKONG WUCHAN GROUP CO LTD,CN,4,4358.59,0,0.0,0.0,"UNITED ENTERPRISES (PK), Shipments: 4, Tonnage: 4.36 tons"
HAINAN THRIVE NEW MATERIAL CO LTD,CN,73,2137190.0,0,73.0,2137.19,"GLENCORE INTERNATIONAL AG (ZA), Shipments: 73, Tonnage: 2137.19 tons"
HANGZHOU MIDES IMPORT&EXPORT CO LTD,CN,4,2072.0,0,0.0,0.0,"UNIVERSAL MINERALS TRADING COMPANY (PK), Shipments: 4, Tonnage: 2.07 tons"
HANSA PRATAMA,ID,8,87794.0,0,8.0,87.794,"INDEPENDENT MINERAL DISTRIBUTORS (PTY) LTD (ZA), Shipments: 5, Tonnage: 87.79 tons
INDEPENDENT MINERAL DISTRIBURTORS (PTY) LTD (ZA), Shipments: 1, Tonnage: 0.00 tons
INDEPENDENT MINERAL DISTRIBUTORS (PTY ) LTD (ZA), Shipments: 2, Tonnage: 0.00 tons"
HEBEI FUSED NICE IMP&CO LTD,CN,4,603.5999999999999,0,0.0,0.0,"MDM ENTERPRISES (PK), Shipments: 4, Tonnage: 0.60 tons"
HEBEI HUATONG METAL MATERIAL CO LTD,CN,27,651249.98,0,0.0,0.0,"MINERAL RESOURCE TRADING LLC (MZ), Shipments: 23, Tonnage: 649.29 tons
MIR MINES&MINERALS (PK), Shipments: 4, Tonnage: 1.96 tons"
HEBEI HUATONG METAL MATERIAL CO LTD HANDAN BRANCH,CN,2,1407.0,0,0.0,0.0,"MULTI MINE&MINERALS (PK), Shipments: 1, Tonnage: 0.95 tons
USSA ENTERPRISES (PK), Shipments: 1, Tonnage: 0.46 tons"
HEBEI HUATONG METAL MATERIAL CO LTD HANDAN BRANCH CHINA,CN,1,362.7,0,0.0,0.0,"EASTCON ORES (PK), Shipments: 1, Tonnage: 0.36 tons"
HEBEI HUATONG METAL MATERIALS CO LTD,CN,6,2800.0,0,0.0,0.0,"AL HAMZA EXPORTS (PK), Shipments: 4, Tonnage: 1.79 tons
AL MEHRAN ENTERPRISES (PK), Shipments: 2, Tonnage: 1.01 tons"
HEBEI HUIYI TECHNOLOGY CO LTD,CN,34,984336.46,0,33.0,984.06,"GALLANT MINERALS (PTY) LTD (ZA), Shipments: 24, Tonnage: 714.96 tons
AFRICHINA DEVELOPMENT HOLDINGS (ZA), Shipments: 9, Tonnage: 269.10 tons
XIANG SHUN (SMC PRIVATE) LTD (PK), Shipments: 1, Tonnage: 0.28 tons"
HEBEI JIWU METAL INTL CO LTD,CN,69,1878870.0,0,0.0,0.0,"OAKTRON FZE (AL), Shipments: 69, Tonnage: 1878.87 tons"
HEBEI LOGISTIC GROUP METAL MATERIALS CO LTD,CN,4,4300.639999999999,0,0.0,0.0,"UNITED ENTERPRISES (PK), Shipments: 4, Tonnage: 4.30 tons"
HEBEI XIONG'AN JINTAIHE TRADING CO LTD,CN,3,0.0,0,0.0,0.0,"MARHAAB RESOURCES CO LTD (KE), Shipments: 3, Tonnage: 0.00 tons"
HEBEI ZHONGING COMPOSITE MATERIAL CO LTD,CN,2,201.46,0,0.0,0.0,"PACIFIC MINERALS (PK), Shipments: 2, Tonnage: 0.20 tons"
HEBEI ZHONGMING COMPOSITE MATERIAL CO,CN,2,601.8,0,0.0,0.0,"MDM ENTERPRISES (PK), Shipments: 1, Tonnage: 0.30 tons
M/S ASIAN MINES&MINERALS (PK), Shipments: 1, Tonnage: 0.30 tons"
HEBEI ZHONGMING COMPOSITE MATERIAL CO LTD,CN,11,2252.02,0,0.0,0.0,"MDM ENTERPRISES (PK), Shipments: 9, Tonnage: 1.85 tons
PACIFIC MINERALS (PK), Shipments: 2, Tonnage: 0.40 tons"
HENAN LITUO TRADING CO LTD,CN,1,30700.0,0,0.0,0.0,"INTERCROSS GROUP CO LTD (MZ), Shipments: 1, Tonnage: 30.70 tons"
HIGH HOPE GROUP JIANGSU TONGTAI CO,CN,172,4588330.0,0,0.0,0.0,"KINAY TAS VE LOJ AS (TR), Shipments: 130, Tonnage: 3616.77 tons
ARKAS LOJISTIK ANONIM SIRKETI (TR), Shipments: 42, Tonnage: 971.56 tons"
HIGH HOPE INTERNATIONAL TRADING CO,CN,231,6418685.0,0,0.0,0.0,"ARKAS LOJISTIK ANONIM SIRKETI (TR), Shipments: 231, Tonnage: 6418.69 tons"
HIGH HOPE INTL GROUP JIANGSU,CN,110,3055600.0,0,0.0,0.0,"ARKAS LOJISTIK ANONIM SIRKETI (TR), Shipments: 110, Tonnage: 3055.60 tons"
HIGH HOPE SUPPLY CHAIN (LIANYUNGANG,CN,1,3002150.0,0,0.0,0.0,"HAYRI OGELMAN MADENCILIK ANONIM SIRKETI (TR), Shipments: 1, Tonnage: 3002.15 tons"
HIGH HOPE SUPPLY CHAIN (LIANYUNGANG) CO LTD,CN,49,3950140.0,0,0.0,0.0,"HAYRI OGELMAN MADENCILIK ANONIM SIRKETI (TR), Shipments: 1, Tonnage: 2500.31 tons
MINTECH RESOURCES (PK), Shipments: 48, Tonnage: 1449.83 tons"
HIGH HOPE ZHONGDING CORP,CN,512,14380523.0,0,0.0,0.0,"KINAY TAS VE LOJ AS (TR), Shipments: 350, Tonnage: 9708.45 tons
EKIN MADEN TIC. VE SAN. A.S (TR), Shipments: 80, Tonnage: 2401.99 tons
KLC GEMI A LOJ HIZ SAN TIC LTD STI (TR), Shipments: 47, Tonnage: 1298.43 tons
ARKAS LOJISTIK ANONIM SIRKETI (TR), Shipments: 35, Tonnage: 971.64 tons"
HINSUNG ELECTRONIC INTERNATIONAL CO LTD,CN,30,890880.0,0,30.0,890.88,"ZOPCO SA (ZA), Shipments: 30, Tonnage: 890.88 tons"
HONG KONG INTERNATIONAL MINERAL,CN,63,1715490.0,0,0.0,0.0,"HONG KONG INTERNATIONAL MINERAL (AL), Shipments: 63, Tonnage: 1715.49 tons"
HONG KONG RUILEHE TRADING LTD,CN,1,255920.0,0,0.0,0.0,"SODA TRADING PLC (ET), Shipments: 1, Tonnage: 255.92 tons"
HONGKONG RUNRI TRADING COMPANY,CN,2,46400.0,0,0.0,0.0,"JLM MINING COMPANY LTD (NG), Shipments: 2, Tonnage: 46.40 tons"
HUAXIN (TIANJIN) MINERAL RESOURCES,CN,37,1100010.0,0,37.0,1100.01,"SAFELINK INTERNATIONAL TRADING (ZA), Shipments: 37, Tonnage: 1100.01 tons"
HUBEI ITG SUPPLY CHAIN GROUP CO LTD,CN,1,5438090.0,0,0.0,0.0,"HAYRI OGELMAN MADENCILIK ANONIM SIRKETI (TR), Shipments: 1, Tonnage: 5438.09 tons"
HUBEI ZHENHUA CHEMICAL CO LTD,CN,502,14927475.0,0,500.0,14860.145,"RAND YORK MINERALS (PTY) LTD (ZA), Shipments: 500, Tonnage: 14860.15 tons
RAND YORK MINERALS (PTY) LTD (AE), Shipments: 2, Tonnage: 67.33 tons"
HUNAN CONSTRUCTION INVESTMENT INTERNATIONAL TRADE CO LTD,CN,301,8769306.0,0,222.0,6627.42,"ONELINK INVESTMENT (PTY) LTD (ZA), Shipments: 222, Tonnage: 6627.42 tons
MINTECH RESOURCES (PK), Shipments: 40, Tonnage: 1208.22 tons
RIVER RAIN MINING LTD (MZ), Shipments: 19, Tonnage: 539.43 tons
VULCAN INTERNATIONAL CO LTD (MZ), Shipments: 7, Tonnage: 201.48 tons
XIN HANG CHEMICAL CO LTD (MZ), Shipments: 6, Tonnage: 184.02 tons"
HUNAN HUAZHUANG SCIENCE,CN,228,6664440.0,0,0.0,0.0,"GRAND MINERALS&RESOURCES (MZ), Shipments: 168, Tonnage: 4910.64 tons
GRAND MINERALS AND RESOURCES (MZ), Shipments: 60, Tonnage: 1753.80 tons"
HUNAN HUAZHUANG SCIENCE AND,CN,15,408450.0,0,0.0,0.0,"ALECAIA (AL), Shipments: 15, Tonnage: 408.45 tons"
HUNAN YUFEI INDUSTRY INVESTMENT,CN,2,56460.0,0,0.0,0.0,"TAKELA GROUP (PTY) LTD (MZ), Shipments: 2, Tonnage: 56.46 tons"
INDONESIA RUIPU NICKEL&CHROME ALLOY,ID,54,0.0,0,0.0,0.0,"CANDAX PTE LTD (SG), Shipments: 1, Tonnage: 0.00 tons
ETERNAL TSINGSHAN GROUP LTD (HK), Shipments: 4, Tonnage: 0.00 tons
GOLDEN HARBOUR INTERNATIONAL PTE LTD (SG), Shipments: 10, Tonnage: 0.00 tons
HANWA CO LTD (JP), Shipments: 3, Tonnage: 0.00 tons
HONG KONG RUI PU CO LTD (HK), Shipments: 2, Tonnage: 0.00 tons"
INDONESIA TSINGSHAN STAINLESS STEEL,ID,4,0.0,0,0.0,0.0,"HANWA CO LTD (CN), Shipments: 1, Tonnage: 0.00 tons
HANWA CO LTD (JP), Shipments: 3, Tonnage: 0.00 tons"
INDOPRIMA GEMILANG,ID,1,0.0,0,0.0,0.0,"CBK PRIMA TRADING CO LTD (CN), Shipments: 1, Tonnage: 0.00 tons"
INNER MONGOLIA NASHUN EQUIPMENT&ENGINEERING CORP LTD,CN,1,157.0,0,0.0,0.0,"ТОО ""НАУЧНО ИССЛЕДОВАТЕЛЬСКИЙ ИНЖИНИРИНГОВЫЙ ЦЕНТР ERG"" (KZ), Shipments: 1, Tonnage: 0.16 tons"
INTEC CO LTD,KR,114,2650330.0,0,114.0,2650.33,"SAMCHROME FZE (ZA), Shipments: 114, Tonnage: 2650.33 tons"
INTEC CO. LTD.,KR,5,116242.5,0,5.0,116.2425,"SAMCHROME FZE (ZA), Shipments: 5, Tonnage: 116.24 tons"
JAINGSU SOHO METALS&MINERALS CO LTD,CN,2,3621.7,0,0.0,0.0,"UNITED ENTERPRISES (PK), Shipments: 2, Tonnage: 3.62 tons"
JCC GUOXING (YANTAI) COPPER CO LTD,CN,124,3624183.0,0,124.0,3624.183,"TRAXYS EUROPE S A (ZA), Shipments: 124, Tonnage: 3624.18 tons"
JIANDE HUAWEN TRADING CO LTD,CN,10,282300.0,0,0.0,0.0,"BRIGHT LINK RESOURCES (H K) LTD (MZ), Shipments: 10, Tonnage: 282.30 tons"
JIANGSU FOREIGH TRADE,CN,5,0.0,0,0.0,0.0,"KITMIN HOLDINGS LTD (KE), Shipments: 5, Tonnage: 0.00 tons"
JIANGSU HIGH HOPE ARSER CO LTD,CN,71,1956805.0,0,0.0,0.0,"ARKAS LOJISTIK ANONIM SIRKETI (TR), Shipments: 71, Tonnage: 1956.81 tons"
JIANGSU HIGH HOPE COLD CHAIN LOGISTI,CN,311,8657970.0,0,0.0,0.0,"ARKAS LOJISTIK ANONIM SIRKETI (TR), Shipments: 311, Tonnage: 8657.97 tons"
JIANGSU HUAJIE SUPPLY CHAIN MANAGEMENT CO LTD,CN,6,504.76,0,0.0,0.0,"S L M ENTERPRISES (PK), Shipments: 6, Tonnage: 0.50 tons"
JIANGSU PROVINCIAL FOREIGN TRADE CORPORATION,CN,1920,57650879.58,0,1414.0,41925.64,"MGABADELI MINERAL RESOURCE PTY LTD (ZA), Shipments: 377, Tonnage: 11141.60 tons
GRAND MINERALS&RESOURCES (MZ), Shipments: 196, Tonnage: 5827.08 tons
KENUO TRADING (PTY) LTD (ZA), Shipments: 191, Tonnage: 5710.90 tons
GLOBAL METAL SERVICE LTD (MZ), Shipments: 121, Tonnage: 3534.70 tons
KMG MINERAL TRADING (PTY) LTD (ZA), Shipments: 110, Tonnage: 3232.30 tons"
JIANGSU SENKAI MINING CO LTD,CN,356,10602090.0,0,355.0,10602.09,"GRANDSTONE GLOBAL SUPPLIER PTY LTD (ZA), Shipments: 277, Tonnage: 8269.89 tons
MGABADELI MINERAL RESOURCE PTY LTD (ZA), Shipments: 78, Tonnage: 2332.20 tons
MGABADELI MINERAL RESOURCE PTY LTD (MY), Shipments: 1, Tonnage: 0.00 tons"
JIANGSU SMART HIGH SUPPLY CHAIN,CN,89,2423470.0,0,0.0,0.0,"TRIGGER SCIEN TECH CO LTD (MZ), Shipments: 59, Tonnage: 1606.57 tons
TRIGGER SCIEN-TECH CO. LIMITED (MZ), Shipments: 30, Tonnage: 816.90 tons"
JIANGSU SOHO METALS&MINERALS CO LTD,CN,123,4811544.27,0,39.0,1166.1,"KLC GEMI A LOJ HIZ SAN TIC LTD STI (TR), Shipments: 1, Tonnage: 1947.78 tons
MGABADELI MINERAL RESOURCE PTY LTD (ZA), Shipments: 39, Tonnage: 1166.10 tons
FENG INTERNATIONAL LTD (MZ), Shipments: 39, Tonnage: 1100.97 tons
OKING GROUP LTD (MZ), Shipments: 20, Tonnage: 577.82 tons
NOTAN MINERALS (PK), Shipments: 5, Tonnage: 4.80 tons"
JIANGSU XINHENYI INTERNATIONAL TRADE CO LTD,CN,196,5420668.22,0,182.0,5405.67,"ZOPCO SA (ZA), Shipments: 182, Tonnage: 5405.67 tons
INDUS MINERAL (PK), Shipments: 6, Tonnage: 8.79 tons
MAX ORE SERVICES (PK), Shipments: 4, Tonnage: 4.03 tons
MARVEL AGRO COMMODITIES (PK), Shipments: 2, Tonnage: 1.23 tons
MINERAL EXP INT (PK), Shipments: 2, Tonnage: 0.95 tons"
JIANGU XINHENYI INTERNATIONAL TRADE CO LTD,CN,2,2016.0,0,0.0,0.0,"INDUS MINERAL (PK), Shipments: 2, Tonnage: 2.02 tons"
JIANGXI FENGKAI INTERNATIONAL TRADE CO LTD,CN,2,775.0,0,0.0,0.0,"DYNAMIC GLOBAL SERVICES (SMC PRIVATE) LTD (PK), Shipments: 2, Tonnage: 0.78 tons"
JIANGXI MINMETALS INDUSTRIAL CO,CN,8,225840.0,0,0.0,0.0,"FIRST CHRONICLES EXPORT&PROJECT (MZ), Shipments: 8, Tonnage: 225.84 tons"
JINENCHI INTERNATIONAL TRADE (BEIJING) CO LTD,CN,1,33.48,0,0.0,0.0,"KAMRAN ENTERPRISES (PK), Shipments: 1, Tonnage: 0.03 tons"
JIS VIETNAM JOINT STOCK COMPANY,VN,1,0.0,0,0.0,0.0,"BRAMMER STANDARD COMPANY INC. (CN), Shipments: 1, Tonnage: 0.00 tons"
JOC JIANGSU WUCHAN TRADING CO LTD,CN,102,3050560.0,0,69.0,2053.44,"MGABADELI MINERAL RESOURCE PTY LTD (ZA), Shipments: 36, Tonnage: 1070.28 tons
UNIVERSAL MINE&MINERAL GROUPS (PK), Shipments: 33, Tonnage: 997.12 tons
ONELINK INVESTMENT (PTY) LTD (ZA), Shipments: 33, Tonnage: 983.16 tons"
JOC JIANGSU YUANFAN NEW ENERGY,CN,506,15059450.0,0,401.0,11983.1,"BAOSTEEL RESOURCES SOUTH AFRICA (ZA), Shipments: 286, Tonnage: 8551.40 tons
MGABADELI MINERAL RESOURCE PTY LTD (ZA), Shipments: 75, Tonnage: 2242.50 tons
ALECAIA AG (TR), Shipments: 66, Tonnage: 1975.38 tons
OREWAYS MINING SA (PTY) LTD (ZA), Shipments: 40, Tonnage: 1189.20 tons
OKING GROUP LTD (MZ), Shipments: 39, Tonnage: 1100.97 tons"
KAIHANG MATERIALS INDUSTRY CO LTD,CN,4,3024.0,0,0.0,0.0,"MAX ORE SERVICES (PK), Shipments: 4, Tonnage: 3.02 tons"
KOREA CHROME CO,KR,10,222300.0,0,10.0,222.3,"SAMCHROME FZE (ZA), Shipments: 10, Tonnage: 222.30 tons"
LIANYUANG HONGYU SUPPLY CHAIN MANAGEMENT CO LTD,CN,2,111.38,0,0.0,0.0,"KAUSAR GHEE MILLLS (PRIVATE) LTD (PK), Shipments: 1, Tonnage: 0.06 tons
KAUSAR GHEE MILLS (PVT) LTD (PK), Shipments: 1, Tonnage: 0.06 tons"
LIANYUNGANG CITY KUNQING INTERNATIO,CN,2,952.0,0,0.0,0.0,"S L M ENTERPRISES (PK), Shipments: 2, Tonnage: 0.95 tons"
LIANYUNGANG HANFEI MINERAL PRODUCTS,CN,41,1168200.0,0,0.0,0.0,"ITEL MOBILE LTD (MZ), Shipments: 41, Tonnage: 1168.20 tons"
LIANYUNGANG HENGLITAI SUPPLY CHAIN MANAGEMENT CO LTD,CN,1,82.5,0,0.0,0.0,"USSA ENTERPRISES (PK), Shipments: 1, Tonnage: 0.08 tons"
LIANYUNGANG METAL SOURCE SCM CO LTD,CN,4,112920.0,0,0.0,0.0,"RTS SCM CO LTD (MZ), Shipments: 4, Tonnage: 112.92 tons"
LIANYUNGANG QINGU INTERNATIONAL,CN,489,13812450.0,0,483.0,13812.45,"HK JUNL TRANDING LTD (ZA), Shipments: 453, Tonnage: 12920.55 tons
HK JUNL TRANDING LIMITED (ZA), Shipments: 30, Tonnage: 891.90 tons
HK JUNL TRANDING LTD (MY), Shipments: 6, Tonnage: 0.00 tons"
LIANYUNGANG TOUCHSTONE TRADE CO LTD,CN,2,1008.0,0,0.0,0.0,"SANHE (PAKISTAN) RESOURCE COMPANY (SMC PRIVATE) LTD (PK), Shipments: 2, Tonnage: 1.01 tons"
LIANYUNGANG ZHONGDA INTERNATIONAL,CN,319,6537350.0,0,0.0,0.0,"UNDERTREASURE MINING CONSULTANCY (MZ), Shipments: 319, Tonnage: 6537.35 tons"
LIAONING ZHONGMEI HIGH TEMPERATURE MATERIAL CO LTD,CN,3,254.91000000000003,0,0.0,0.0,"USSA ENTERPRISES (PK), Shipments: 3, Tonnage: 0.25 tons"
LONG RESOURCES GROUP LTD,CN,3,2000.0,0,0.0,0.0,"QAZI MINES&MINERALS (PK), Shipments: 3, Tonnage: 2.00 tons"
LS ALLOYS (SHANGHAI) COMMERCIAL TRADING CO LTD,CN,44,1235820.0,0,44.0,1235.82,"UPYA VENTURES RSA PTY LTD (ZA), Shipments: 44, Tonnage: 1235.82 tons"
LUU DUONG TRADING COMPANY LTD,VN,2,0.0,0,0.0,0.0,"LUOYANG BOKELAI TRADING COMPANY. LTD (CN), Shipments: 1, Tonnage: 0.00 tons
LUOYANG BRIGHT TRADING COMPANY. LTD (CN), Shipments: 1, Tonnage: 0.00 tons"
LUZHOU C&D COMMODITY CO LTD,CN,150,4221250.0,0,15.0,445.2,"ITEL MOBILE LTD (MZ), Shipments: 100, Tonnage: 2823.00 tons
DECOLUX (PRIVATE) LTD (MZ), Shipments: 35, Tonnage: 953.05 tons
FUJAX UK LTD (ZA), Shipments: 15, Tonnage: 445.20 tons"
LUZHOU C&D COMMODITY CO. LTD,CN,16,435680.0,0,0.0,0.0,"DECOLUX (PRIVATE) LIMITED (MZ), Shipments: 16, Tonnage: 435.68 tons"
MARINE CONNECTIONS (SHANGHAI) LTD,CN,23,626290.0,0,23.0,626.29,"ALPHA SHIPPING AGENCY PTY LTD (ZA), Shipments: 23, Tonnage: 626.29 tons"
MARVELS REFRACTORIES (ANSHAN) CO LTD,CN,3,224.48,0,0.0,0.0,"UNITED ENTERPRISES (PK), Shipments: 2, Tonnage: 0.22 tons
BILFER MADENCILIK VE IHRACAT ANONIM SIRKETI (TR), Shipments: 1, Tonnage: 0.00 tons"
MARVELS REFRACTORIES ANSHAN CO LTD,CN,2,544.5,0,0.0,0.0,"USSA ENTERPRISES (PK), Shipments: 2, Tonnage: 0.54 tons"
MAX WISDOM INTERNATIONAL INDUSTRIAL,CN,88,2439940.0,0,0.0,0.0,"KINAY TAS VE LOJ AS (TR), Shipments: 88, Tonnage: 2439.94 tons"
MERIDIAN SHIPPING CC,CN,51,1477870.0,0,51.0,1477.87,"FUJAX UK LTD (ZA), Shipments: 36, Tonnage: 1068.54 tons
MERIDIAN SHIPPING (ZA), Shipments: 15, Tonnage: 409.33 tons"
MERLION RESOURCES HOLDINGS LTD,CN,3,1600.02,0,0.0,0.0,"ABK CAPITAL (PK), Shipments: 3, Tonnage: 1.60 tons"
METACROM RESOURCES LTD,CN,24,17025.6,0,0.0,0.0,"MDM ENTERPRISES (PK), Shipments: 20, Tonnage: 12.99 tons
KPK CHROMITE STONE (PK), Shipments: 4, Tonnage: 4.03 tons"
METAL CHALLENGE CO LTD,CN,60,89252975.0,0,0.0,0.0,"EKIN MADEN TICARET VE SANAYI ANONIM SIRKETI (TR), Shipments: 60, Tonnage: 89252.98 tons"
MICRO CHEMICAL INDUSTRY CO LTD,CN,483,14351890.0,0,483.0,14351.89,"ONE WORLD DIRECT (PTY) LTD (ZA), Shipments: 221, Tonnage: 6566.74 tons
AURIC MINING (PTY) LTD (ZA), Shipments: 217, Tonnage: 6448.65 tons
ONE WORLD DIRECT (PTY) LTD. (ZA), Shipments: 45, Tonnage: 1336.50 tons"
MINTAL RESOURCES LTD,CN,352,10455860.0,0,352.0,10455.86,"ZOPCO SA (ZA), Shipments: 352, Tonnage: 10455.86 tons"
MS H S IMPEX (PROP MOHAMMED HAFIZ) ,CN,69,2049000.0,0,69.0,2049.0,"MS H S IMPEX (PROP MOHAMMED HAFIZ)  (ZA), Shipments: 69, Tonnage: 2049.00 tons"
NANTONG DONGSHI SUPPLY CHAIN CO LTD,CN,1,29230.0,0,0.0,0.0,
NATIPROL LIANYUNGANG CORPORATION,CN,3,92570.0,0,0.0,0.0,"ZHONGPU IMPORT&EXPORT TRADE CO LTD (MZ), Shipments: 3, Tonnage: 92.57 tons"
NAUTILUS SHIPBROKING (PTY) LTD,KR,70,1668195.0,0,70.0,1668.195,"SAMCHROME FZE (ZA), Shipments: 66, Tonnage: 1579.17 tons
SAMCHROME FZE JAFZA VIEW 18 OFFICE 803 804 (ZA), Shipments: 4, Tonnage: 89.02 tons"
NINGBO HAITIAN HOLDING GROUP CO LTD,CN,47,32970.14,0,0.0,0.0,"GULF MINERALS FZE (PVT ) LTD (PK), Shipments: 20, Tonnage: 16.43 tons
H N METALS&MINERALS (PRIVATE) LTD (PK), Shipments: 6, Tonnage: 3.42 tons
MAX ORE SERVICES (PK), Shipments: 4, Tonnage: 3.38 tons
KAIZEN TRADERS (PK), Shipments: 6, Tonnage: 3.21 tons
A S K TRADERS (PK), Shipments: 5, Tonnage: 2.69 tons"
NINGBO ICYBAY METAL RESOURCES CO LTD,CN,16,467320.0,0,16.0,467.32,"OKING GROUP LTD (ZA), Shipments: 16, Tonnage: 467.32 tons"
NINGBO NAVIGATOR IMP&EXP CO LTD,CN,80,2198400.0,0,0.0,0.0,"BRIGHT LINK RESOURCES (H K ) LTD (MZ), Shipments: 40, Tonnage: 1089.20 tons
WTY KING LTD (MZ), Shipments: 20, Tonnage: 564.60 tons
BRIGHT LINK RESOURCES (H.K.) LIMITED (MZ), Shipments: 20, Tonnage: 544.60 tons"
NOVAREF REFRACTORY DEVELOPMENT JOINT STOCK COMPANY,VN,6,0.0,0,5.0,0.0,"MFG MATERIA GMBH (ZA), Shipments: 1, Tonnage: 0.00 tons
RAND YORK MINERALS (PTY) LTD (ZA), Shipments: 4, Tonnage: 0.00 tons
ZHENGZHOU HAIXU ABRASIVES CO LTD (CN), Shipments: 1, Tonnage: 0.00 tons"
OCEAN NETWORK EXPRESS (CHINA) LTD CHENGDU,CN,18,530900.0,0,0.0,0.0,"MINERAL RESOURCE TRADING LLC (MZ), Shipments: 18, Tonnage: 530.90 tons"
OCEAN NETWORK EXPRESS (EAST ASIA) LTD,CN,60,1811815.0,0,0.0,0.0,"MINTECH RESOURCES (PK), Shipments: 60, Tonnage: 1811.82 tons"
ORIENT INTERNATIONAL HOLDING,CN,40,1142600.0,0,0.0,0.0,"HGSTARS COMPANY LTD (MZ), Shipments: 40, Tonnage: 1142.60 tons"
P S STEEL LTD PART,TH,2,54485.0,0,2.0,54.485,"SAMCHROME FZE (ZA), Shipments: 2, Tonnage: 54.48 tons"
PACIFIC LINKAGE (CHINA) LTD,CN,2,6320000.0,0,0.0,0.0,"AKSU GRUP MADENCILIK IC VE DIS TICARET ANONIM SIRKETI (TR), Shipments: 2, Tonnage: 6320.00 tons"
PAKLINK SHIPPING SERVICES,CN,143,4319210.0,0,0.0,0.0,"MINTECH RESOURCES ON BEHALF OF (PK), Shipments: 110, Tonnage: 3322.49 tons
UNIVERSAL MINE&MINERAL GROUPS (PK), Shipments: 33, Tonnage: 996.72 tons"
PINGXIANG WANWEI TUOXIN TRADING,CN,33,981090.0,0,33.0,981.09,"MINGBAO INVESTMENTS (PTY) LTD (ZA), Shipments: 33, Tonnage: 981.09 tons"
PIONEER EXPORTS LTD,CN,12,297999.99996000004,0,0.0,0.0,"BLUEGREY MINERALS PLC (DJ), Shipments: 12, Tonnage: 298.00 tons"
PIONEER RESOURCES LTD,CN,20,598855.0,0,0.0,0.0,"ONE ORE LTD (MZ), Shipments: 20, Tonnage: 598.86 tons"
PIONEER RESOURCES LTD RM2117 21/F C C WU BLDG 302 308 HENNESSY WANCHAI HONG KONG,CN,1,403700.0,0,0.0,0.0,"BLUE GREY MINERALS PLC (ET), Shipments: 1, Tonnage: 403.70 tons"
PIONSUN INTERNATIONAL PTE LTD,CN,20,14980.0,0,0.0,0.0,"ROCK MOUNT CORPORATION (PK), Shipments: 20, Tonnage: 14.98 tons"
POLYMETCORE TRADING SA,CN,51,111607085.0,0,0.0,0.0,"YILKROM MADEN VE ENERJI YATIRIM TICARET ANONIM SIRKETI (TR), Shipments: 51, Tonnage: 111607.09 tons"
PRIME GRAND INTERNATIONAL LTD,CN,53,1075656.62,0,36.0,1065.21,"ZOPCO SA (ZA), Shipments: 36, Tonnage: 1065.21 tons
NEW TOYAR MINERALS TRADING (SMC PRIVATE) LTD (PK), Shipments: 15, Tonnage: 9.52 tons
H N METALS&MINERALS (PRIVATE) LTD (PK), Shipments: 2, Tonnage: 0.92 tons"
PROSPERITY STEEL UNITED SINGAPORE PTE LTD,CN,1297,36099450.0,0,101.0,3008.34,"ARKAS LOJISTIK ANONIM SIRKETI (TR), Shipments: 1053, Tonnage: 29166.16 tons
KLC GEMI A LOJ HIZ SAN TIC LTD STI (TR), Shipments: 114, Tonnage: 3122.57 tons
SG AFRICAN MINERALS (PTY) LTD (ZA), Shipments: 64, Tonnage: 1910.04 tons
UZEL INTERNATIONAL (PTY) LTD (ZA), Shipments: 37, Tonnage: 1098.30 tons
ARKAS LOJISTIK ANONIM SIRKETI. (TR), Shipments: 29, Tonnage: 802.38 tons"
PT BARALOGAM MULTIJAYA,ID,4,25050.0,0,0.0,0.0,"TIANJIN EBOXLINE INTERNATIONAL TRANS (CN), Shipments: 1, Tonnage: 25.05 tons
HENAN SICHENG ABRASIVES TECH CO LTD (CN), Shipments: 3, Tonnage: 0.00 tons"
PT BENTENG API TECHNIC,ID,1,0.0,0,0.0,0.0,"HENAN CAIHUA INDUSTRIAL CO LTD (CN), Shipments: 1, Tonnage: 0.00 tons"
PT GROWTH ASIA,ID,70,26230.0,0,61.0,26.23,"SAMCHROME FZE (ZA), Shipments: 28, Tonnage: 26.23 tons
FERRO STEEL (SUZHOU) TRADING CO LTD (CN), Shipments: 3, Tonnage: 0.00 tons
OREPLAN COMMODITIES (PTY) LTD (ZA), Shipments: 6, Tonnage: 0.00 tons
SAMCHROME FZE (AE), Shipments: 6, Tonnage: 0.00 tons
VOLCLAY TRADING (PTY) LTD (ZA), Shipments: 27, Tonnage: 0.00 tons"
PT GROWTH SUMATRA INDUSTRY,ID,8,0.0,0,8.0,0.0,"VOLCLAY TRADING (PTY) LTD (ZA), Shipments: 8, Tonnage: 0.00 tons"
PT GUNUNG MAS JAYA ARTHA,ID,1,0.0,0,0.0,0.0,"QINGDAO ESMART INTERNATIONAL TRADE CO L (CN), Shipments: 1, Tonnage: 0.00 tons"
PT HANAMPI SEJAHTERA KAHURIPAN,ID,19,555523.0,0,0.0,0.0,"THE WORLD FREIGHT SYSTEM (PK), Shipments: 19, Tonnage: 555.52 tons"
PT HANSA PRATAMA,ID,5,29204.0,0,5.0,29.204,"INDEPENDENT MINERAL DISTRIBUTORS (PTY) LTD (ZA), Shipments: 1, Tonnage: 29.20 tons
INDENPENDENT NIBERAL DISTRIBUTORS (PTY) LTD (ZA), Shipments: 1, Tonnage: 0.00 tons
INDEPENDENT MINERAL DISTRIBUTORS (PTY) L (ZA), Shipments: 3, Tonnage: 0.00 tons"
PT INDOPRIMA GEMILANG,ID,11,0.0,0,0.0,0.0,"CBK PRIMA TRADING CO LTD (CN), Shipments: 11, Tonnage: 0.00 tons"
PT INTER WORLD STEEL MILLS INDONESIA,ID,1,0.0,0,0.0,0.0,"JINCHENG REFRACTORY MATERIAL LTD (HK), Shipments: 1, Tonnage: 0.00 tons"
PT KANGAR CONSOLIDATED INDUSTRIES,ID,3,0.0,0,3.0,0.0,"PRINCE MINERALS SA (PTY) LTD (ZA), Shipments: 1, Tonnage: 0.00 tons
PRINCE MINERALS SA PTY LTD (ZA), Shipments: 2, Tonnage: 0.00 tons"
PT MULIAGLASS,ID,9,56400.0,0,9.0,56.4,"PRINCE MINERALS SA PTY LTD (ZA), Shipments: 2, Tonnage: 56.40 tons
AFRICAN PEGMATITE (PTY) LTD (ZA), Shipments: 2, Tonnage: 0.00 tons
PRINCE MINERALS SA (PTY) LTD (ZA), Shipments: 5, Tonnage: 0.00 tons"
PT NANYANG CHEMICAL TECHNOLOGY INDONESIA,ID,5,0.0,0,0.0,0.0,"HANGZHOU HILONGWEI TRADING CO LTD (CN), Shipments: 5, Tonnage: 0.00 tons"
PT QING FENG FERROCHROME,ID,1,0.0,0,0.0,0.0,"SCHUANG INTERNATIONAL DEVELOPMENT LTD (HK), Shipments: 1, Tonnage: 0.00 tons"
PT STOLLBERG SAMIL INDONESIA,ID,11,0.0,0,0.0,0.0,"DK INTERNATIONAL CO LTD (KR), Shipments: 11, Tonnage: 0.00 tons"
PT WANLI BOILER MATERIAL,ID,3,0.0,0,0.0,0.0,"CHANGSHU YUANXING BUSINESS DEPARTMENT (CN), Shipments: 1, Tonnage: 0.00 tons
CHANGSHU YUNYUZHAN BUSINESS DEPARTMENT (CN), Shipments: 2, Tonnage: 0.00 tons"
PT WEIJIE FIREPROOF MATERIAL,ID,7,0.0,0,0.0,0.0,"HANGZHOU YIMING TRADING CO LTD (CN), Shipments: 4, Tonnage: 0.00 tons
LUOYANG JINGYAO IMPORT&EXPORT TRADE CO LTD (CN), Shipments: 2, Tonnage: 0.00 tons
TONGLU ZHIZI TRADING CO LTD (CN), Shipments: 1, Tonnage: 0.00 tons"
PY COMMODITIES FAR EAST PTE LTD,CN,26,740095.0,0,26.0,740.095,"PY COMMODITIES FAR EAST PTE LTD (ZA), Shipments: 16, Tonnage: 454.90 tons
PY COMMODITIES FAR EAST PTE. LTD. (ZA), Shipments: 10, Tonnage: 285.19 tons"
QATASPHERE L L C FZ,CN,4,1908.5,0,0.0,0.0,"A S K TRADERS (PK), Shipments: 4, Tonnage: 1.91 tons"
QING FENG FERROCHROME,ID,123,0.0,0,0.0,0.0,"ETERNAL TSINGSHAN GROUP LTD (HK), Shipments: 30, Tonnage: 0.00 tons
GOLDEN HARBOUR INTERNATIONAL PTE LTD (SG), Shipments: 25, Tonnage: 0.00 tons
HONG KONG RUI PU CO LTD (HK), Shipments: 62, Tonnage: 0.00 tons
SCHUANG INTERNATIONAL DEVELOPMENT LTD (HK), Shipments: 2, Tonnage: 0.00 tons
SHANGHAI DECENT INVESTMENT (GROUP) CO LTD (CN), Shipments: 2, Tonnage: 0.00 tons"
QINGDAO HONGJIN INTERNATIONAL TRADING CO LTD,CN,222,6575320.0,0,222.0,6575.32,"GLOBUSTARR TRADING COMPANY LLC (ZA), Shipments: 222, Tonnage: 6575.32 tons"
QINGHAI HIGH HOPE SUPPLY CHAIN CO,CN,103,2856605.0,0,0.0,0.0,"KINAY TAS VE LOJ AS (TR), Shipments: 60, Tonnage: 1667.80 tons
ARKAS LOJISTIK ANONIM SIRKETI (TR), Shipments: 43, Tonnage: 1188.81 tons"
RB SHIPPING SA (PTY) LTD,CN,47,1383375.0,0,47.0,1383.375,"CAPTURE METAL PTE LTD (ZA), Shipments: 27, Tonnage: 804.31 tons
ASIA STEEL&METALS LTD (ZA), Shipments: 20, Tonnage: 579.07 tons"
RELIANT RESOURCES (TIANJIN) TRADING INTERNATIONAL CO LTD,CN,32,954852.0,0,6.0,176.672,"CARBONES HOLDING GMBH (MG), Shipments: 13, Tonnage: 389.09 tons
SAMBHIC RESOURCES FZC (ZA), Shipments: 6, Tonnage: 176.67 tons"
RESOCO REFRACTORY SOLUTION JOINT STOCK COMPANY,VN,1,0.0,0,0.0,0.0,"HENAN SICHENG ABRASIVES TECH CO LTD (CN), Shipments: 1, Tonnage: 0.00 tons"
RICH STONE SUPER CHAIN PTE LTD,CN,20,604600.0,0,0.0,0.0,"SEASHI TRANSPORT PVT LTD (MZ), Shipments: 20, Tonnage: 604.60 tons"
ROCK TEAM INDUSTRY (VIETNAM) CO LTD,VN,2,0.0,0,0.0,0.0,"UNIVERSAL MAX CORP. (TW), Shipments: 2, Tonnage: 0.00 tons"
S F EXPRESS GROUP (SHANGHAI) CO LTD,CN,4,180.0,0,0.0,0.0,"ASIATRANS INTERNATIONAL EXPRESS&LOGISTICS (PK), Shipments: 4, Tonnage: 0.18 tons"
SAM RI CO LTD,KR,6,133380.0,0,6.0,133.38,"SAMCHROME FZE (ZA), Shipments: 6, Tonnage: 133.38 tons"
SAMBHIC RESOURCES FZC SHANGHAI REPRESENTATIVE OFFICE,CN,471,13559060.0,0,98.0,2884.0,"SAMBHIC RESOURCES FZC (OM), Shipments: 373, Tonnage: 10675.06 tons
SAMBHIC RESOURCES FZC (ZA), Shipments: 98, Tonnage: 2884.00 tons"
SAMCHROME,KR,5,111400.0,0,5.0,111.4,"SAMCHROME FZE (ZA), Shipments: 5, Tonnage: 111.40 tons"
SAMRI CO LTD,KR,57,1252886.0,0,57.0,1252.886,"ALPHA SHIPPING AGENCY (PTY) LTD DUR (ZA), Shipments: 30, Tonnage: 630.60 tons
INDEPENDENT MINERAL DISTRIBUTORS (ZA), Shipments: 10, Tonnage: 235.72 tons
SAMCHROME FZE (ZA), Shipments: 9, Tonnage: 200.49 tons
INDEPENDENT MINERAL DISTRIBUTORS (PTY) LTD (ZA), Shipments: 8, Tonnage: 186.09 tons"
SEALINKS SHIPPING,CN,50,1493340.0,0,0.0,0.0,"UNIVERSAL MINERALS TRADING COMPANY (PK), Shipments: 33, Tonnage: 996.92 tons
H N METALS&MINERALS (PRIVATE) LTD (PK), Shipments: 17, Tonnage: 496.42 tons"
SEOJIN VIET NAM LTD COMPANY,VN,2,0.0,0,1.0,0.0,"SEOJIN SYSTEM CO LTD (ZA), Shipments: 1, Tonnage: 0.00 tons
SEOJIN SYSTEM CO. LTD. (KR), Shipments: 1, Tonnage: 0.00 tons"
SHAANXI FOREIGN TRADE IMP&EXP GROUP CO LTD,CN,17,509660.0,0,0.0,0.0,"GOLDFU RESOURCES CORPORATION (MZ), Shipments: 17, Tonnage: 509.66 tons"
SHANDONG TINGSHENG ENVIRONMENTAL,CN,45,1337850.0,0,45.0,1337.85,"BEST ERA INTERNATIONAL HOLDINGS (ZA), Shipments: 45, Tonnage: 1337.85 tons"
SHANDONG XINXU INTERNATIONAL CORPORATION LTD,CN,14,2431.568,0,0.0,0.0,"GOLD EARTH ENGINEERING (SMC PRIVATE) LTD (PK), Shipments: 14, Tonnage: 2.43 tons"
SHANGHAI HAZEL JIN INTERNATIONAL,CN,83,2342090.0,0,0.0,0.0,"REFINE TRADING LTD (MZ), Shipments: 83, Tonnage: 2342.09 tons"
SHANGHAI HONGXU INTERNATIONAL,CN,18,543600.0,0,0.0,0.0,"IGOR LOGISTICS&SERVICES LTD (NG), Shipments: 18, Tonnage: 543.60 tons"
SHANGHAI YISHEN INTERNATIONAL,CN,117,3185910.0,0,0.0,0.0,"CHINA ZIM INTERNATIONAL SMELTING (MZ), Shipments: 87, Tonnage: 2369.01 tons
CHINA-ZIM INTERNATIONAL SMELTING (MZ), Shipments: 30, Tonnage: 816.90 tons"
SHANGRAO AIQIMENG TRADING CO LTD,CN,9,284580.0,0,9.0,284.58,"MOMENTSKY COMPANY LTD (ZA), Shipments: 9, Tonnage: 284.58 tons"
SHANXI COKING COAL GROUP INTERNATIONAL TRADING CO LTD,CN,37,1098985.0,0,37.0,1098.985,"UZEL INTERNATIONAL (PTY) LTD (ZA), Shipments: 37, Tonnage: 1098.98 tons"
SHANXI JINJIAXIN TRADING CO LTD,CN,2,980.0,0,0.0,0.0,"S L M ENTERPRISES (PK), Shipments: 2, Tonnage: 0.98 tons"
SICHUAN CMOSA MINERALS CO LTD,CN,53,1575690.0,0,53.0,1575.69,"LANKERS INTERNATIONAL PTE LTD (ZA), Shipments: 53, Tonnage: 1575.69 tons"
SICHUAN HEADSPRING TRADING CO LTD,CN,90,2172128.0,0,73.0,2162.44,"NIKTANYA INTERNATIONAL LTD (ZA), Shipments: 73, Tonnage: 2162.44 tons
USSA ENTERPRISES (PK), Shipments: 4, Tonnage: 2.77 tons
AL HAMZA MINERAL COMPANY (PK), Shipments: 5, Tonnage: 2.41 tons
INDUS MINERAL (PK), Shipments: 2, Tonnage: 1.85 tons
AL HAMZA EXPORTS (PK), Shipments: 3, Tonnage: 1.65 tons"
SICHUAN HEADSPRINGS TRADING CO LTD,CN,2,2184.0,0,0.0,0.0,"MARVEL ENTERPRISE (PK), Shipments: 2, Tonnage: 2.18 tons"
SICHUAN MINGDA (GROUP) ENTERPRISES CO LTD,CN,116,3329015.0,0,112.0,3324.535,"KMG MINERALS TRADING (PTY) LTD (ZA), Shipments: 74, Tonnage: 2194.80 tons
KMG MINERAL TRADING (PTY) LTD (ZA), Shipments: 38, Tonnage: 1129.74 tons
M/S ASIAN MINES&MINERALS (PK), Shipments: 4, Tonnage: 4.48 tons"
SICHUAN MINGDA GROUP EBIAN ALLOY CO LTD,CN,5,5484.0,0,0.0,0.0,"INDUS MINERAL (PK), Shipments: 5, Tonnage: 5.48 tons"
SICHUAN QIANZHOU MINING CO LTD,CN,36,948968.57,0,34.0,948.03,"REDDY KASI REDDY RAMESHWARA REDDY (PROP R K RAMESHWARA REDDY_)  (ZA), Shipments: 34, Tonnage: 948.03 tons
GLOBAL ENTERPRISES (PK), Shipments: 2, Tonnage: 0.94 tons"
SICHUAN YUANMULIN INTERNATIONAL TRADING CO LTD,CN,17,454358.0,0,0.0,0.0,"MARVEL ENTERPRISE (PK), Shipments: 17, Tonnage: 454.36 tons"
SINO SHINE OVERSEAS ENGINEERING,CN,9,254070.0,0,0.0,0.0,"TAKELA GROUPS (PVT) LTD (MZ), Shipments: 9, Tonnage: 254.07 tons"
SINO TRUST HOLDINGS CORP LTD,CN,9,262520.0,0,9.0,262.52,"ORE&METAL COMPANY LTD (ZA), Shipments: 9, Tonnage: 262.52 tons"
SINOMINE RESOURCE (HAINAN) LITHIUM,CN,37,1007510.0,0,0.0,0.0,"XINGLONG (HONG KONG) INTERNATIONAL (MZ), Shipments: 37, Tonnage: 1007.51 tons"
SINOSTEEL INTERNATIONAL HOLDING COMPANY LTD,CN,650,18992529.53,0,0.0,0.0,"GLOBAL METAL SERVICE LTD (MZ), Shipments: 452, Tonnage: 13256.96 tons
GLOBAL METAL SERVICE LTD. (MZ), Shipments: 195, Tonnage: 5699.85 tons
GLOBAL METAL SERVICE LTD (SG), Shipments: 2, Tonnage: 34.46 tons
MARVEL AGRO COMMODITIES (PK), Shipments: 1, Tonnage: 1.26 tons"
SINOSTEEL NMC INTELLIGENT EQUIPMENT,CN,2,0.0,0,0.0,0.0,"FERRO ALLOYS CORPORATION LIMITED (IN), Shipments: 2, Tonnage: 0.00 tons"
SINOSTEEL RESOURCES CO LTD,CN,115,3418950.0,0,0.0,0.0,"GLOBAL METAL SERVICE LTD (MZ), Shipments: 115, Tonnage: 3418.95 tons"
SINOSTEEL ZHEJIANG CO LTD,CN,52,1442460.0,0,35.0,984.0,"MERIDIAN SHIPPING (ZA), Shipments: 19, Tonnage: 522.40 tons
ZOPCO SA (ZA), Shipments: 16, Tonnage: 461.60 tons
RELOAD AQUARIUS SHIPPING INTERNATIONAL (PTY) LTD (MZ), Shipments: 16, Tonnage: 457.20 tons
M/S ASIAN MINES&MINERALS (PK), Shipments: 1, Tonnage: 1.26 tons"
SMART SUCCESS CREATION PTE LTD,CN,4,3640.0,0,0.0,0.0,"M/S ASIAN MINES&MINERALS (PK), Shipments: 4, Tonnage: 3.64 tons"
SPECTRUM TRADING LLC FZ,CN,13,17981835.0,0,0.0,0.0,"DELOR MADENCILIK SANTIC AS (TR), Shipments: 13, Tonnage: 17981.83 tons"
STANDARD TRADEWAYS CO LTD,CN,43,14177.460000000001,0,0.0,0.0,"M/S ASIAN MINES&MINERALS (PK), Shipments: 9, Tonnage: 4.81 tons
GLOBAL ENTERPRISES (PK), Shipments: 11, Tonnage: 3.81 tons
MDM ENTERPRISES (PK), Shipments: 14, Tonnage: 3.61 tons
PACIFIC MINERALS (PK), Shipments: 7, Tonnage: 1.23 tons
MARVEL ENTERPRISE (PK), Shipments: 1, Tonnage: 0.53 tons"
STAR TURQUOISE INTERNATIONAL METAL ORES TRADING LLC,CN,35,1039980.0,0,35.0,1039.98,"AURIC MINING (PTY) LTD (ZA), Shipments: 35, Tonnage: 1039.98 tons"
SUMIKA POLYMER COMPOUNDS (THAILAND) CO LTD,TH,1,24180.0,0,0.0,0.0,"FAITH MINERALS (PVT ) LTD (PK), Shipments: 1, Tonnage: 24.18 tons"
SUMITOMO METAL MINING CO LTD,CN,4,100950000.0,0,0.0,0.0,"TAGANITO HPAL NICKEL CORPORATION (PH), Shipments: 4, Tonnage: 100950.00 tons"
THAI ALLOY&ASSOCIATES CO LTD,TH,6,175624.0,0,6.0,175.624,"INDEPENDENT MINERAL DISTRIBUTORS (PTY) LTD (ZA), Shipments: 6, Tonnage: 175.62 tons"
THAI GLASS INDUSTRIES PUBLIC COMPANY LTD,TH,14,384340.0,0,14.0,384.34,"KIMPE SARL (ZA), Shipments: 14, Tonnage: 384.34 tons"
THAI MALAYA GLASS CO LTD,TH,8,219780.0,0,8.0,219.78,"KIMPE SARL (ZA), Shipments: 8, Tonnage: 219.78 tons"
THANG LOI COMPANY LTD,VN,1,0.0,0,0.0,0.0,"KUPPER CORPORATION LTD (CN), Shipments: 1, Tonnage: 0.00 tons"
THE BRANCH OF MALAYA VIETNAM GLASS LTD,VN,2,0.0,0,2.0,0.0,"MALAYA GLASS PRODUCTS SDN BHD (ZA), Shipments: 2, Tonnage: 0.00 tons"
THE ECONOMIC TRADING GROUP OF HAICHENG HOUYING CORPORATION LTD,CN,2,495.0,0,0.0,0.0,"USSA ENTERPRISES (PK), Shipments: 2, Tonnage: 0.49 tons"
THEMBA DRY CARGO,CN,11,320860.0,0,11.0,320.86,"ORE&METAL COMPANY LTD AS AGENT FOR DWARSRIVIER CHROME MINE (ZA), Shipments: 11, Tonnage: 320.86 tons"
TIANJIN BETHEL MINING CO LTD,CN,40,1169200.0,0,40.0,1169.2,"GLOBUSTARR TRADING COMPANY LLC (ZA), Shipments: 40, Tonnage: 1169.20 tons"
TIANJIN BORUNHONG INTERNATIONAL TRADE CO LTD,CN,8,0.0,0,0.0,0.0,"NATURAL EARTH RESOURCES (AFRICA) LTD (KE), Shipments: 8, Tonnage: 0.00 tons"
TIANJIN CHENGSHI IMPORT&EXPORT CO LTD,CN,2,1061.48,0,0.0,0.0,"QAZI MINES&MINERALS (PK), Shipments: 2, Tonnage: 1.06 tons"
TIANJIN HACKBERRY INTERNATIONAL TRADING CO LTD,CN,41,1218865.0,0,41.0,1218.865,"AURIC MINING (PTY) LTD (ZA), Shipments: 34, Tonnage: 1011.14 tons
ZOPCO SA (ZA), Shipments: 7, Tonnage: 207.72 tons"
TIANJIN IMPALIVA CO LTD,CN,1,50000.0,0,0.0,0.0,"OPHIR MINERAL VENTURES INC (PH), Shipments: 1, Tonnage: 50.00 tons"
TIANJIN NEW CREATOR INTERNATIONAL TRADE CO LTD,CN,40,1187750.0,0,40.0,1187.75,"ZOPCO SA (ZA), Shipments: 40, Tonnage: 1187.75 tons"
TIANJIN ZHONGBO INDUSTRIAL CO LTD,CN,19,582540.0,0,0.0,0.0,"BEST TRADE INTEGRITY (PRIVATE) LTD (MZ), Shipments: 19, Tonnage: 582.54 tons"
TONGLING XUANTONG IMPORT&EXPORT,CN,2,114010.0,0,0.0,0.0,"12KS OPC (PH), Shipments: 2, Tonnage: 114.01 tons"
TRADUST METAL ORES TRADING CO LLC,CN,1,298000.0,0,0.0,0.0,"BLUE GREY MINERALS PLC (ET), Shipments: 1, Tonnage: 298.00 tons"
TRANSCOM SHARAF LOGISTICA LDA,CN,25,742040.0,0,0.0,0.0,"XING HE COMPANY LTD (MZ), Shipments: 25, Tonnage: 742.04 tons"
TRASTEEL INTERNATIONAL SA,CN,2,1064.0,0,0.0,0.0,"UNIVERSAL MINERALS TRADING COMPANY (PK), Shipments: 2, Tonnage: 1.06 tons"
TRAXYS FAR EAST,CN,1,1046320.0,0,0.0,0.0,"FERSAN MADENCILIK TARIMSAL ÜR SAN VE DISTIC LTD STI (TR), Shipments: 1, Tonnage: 1046.32 tons"
TRAXYS FAR EAST LTD,CN,7,3045100.0,0,0.0,0.0,"FERSAN MADENCILIK TARIMSAL ÜR SAN VE DISTIC LTD STI (TR), Shipments: 7, Tonnage: 3045.10 tons"
TRI STONE KOREA CO LTD,KR,4,528.0,0,0.0,0.0,"SAREMCO INTERNATIONAL (PK), Shipments: 4, Tonnage: 0.53 tons"
UNISPACE INDUSTRIAL DEVELOPMENT CO LTD,CN,2,1021350.0,0,0.0,0.0,"GÜZELDAĞ MÜTEAHHİTLİK YAPI DONANIM İNŞAAT TAAHHÜT MADENCİLİK SANAYİ VE TİCARET ANONİM ŞİRKETİ (TR), Shipments: 2, Tonnage: 1021.35 tons"
UNITED MINERAL ENTERPRISES CO LTD,CN,2,1105.56,0,0.0,0.0,"NEW TOYAR MINERALS TRADING (SMC PRIVATE) LTD (PK), Shipments: 2, Tonnage: 1.11 tons"
VICO CASTING EXPORT COMPANY LTD,VN,10,0.0,0,1.0,0.0,"KUPPER CORPORATION LIMITED (CN), Shipments: 1, Tonnage: 0.00 tons
KUPPER CORPORATION LTD (CN), Shipments: 5, Tonnage: 0.00 tons
RAND YORK MINERALS (PTY) LTD (ZA), Shipments: 1, Tonnage: 0.00 tons
ZHENGZHOU HAIXU ABRASIVES CO LTD (CN), Shipments: 1, Tonnage: 0.00 tons
ZHENGZHOU HAIXU ABRASIVES CO. LTD (CN), Shipments: 2, Tonnage: 0.00 tons"
VIP LOG PTY LTD,CN,72,2127645.0,0,72.0,2127.645,"BAOSTEEL RESOURCES SOUTH AFRICA (PTY) LTD (ZA), Shipments: 72, Tonnage: 2127.64 tons"
WANXIANG QIANCHAO CO LTD,CN,84,20101980.0,0,0.0,0.0,"CVK MINERAL MADENCILIK NAKLIYECILIK INSAAT TAAHHUT VE SANAYI TICARET ANONIM SIRKETI (TR), Shipments: 1, Tonnage: 9049.15 tons
HAYRI OGELMAN MADENCILIK ANONIM SIRKETI (TR), Shipments: 1, Tonnage: 5446.48 tons
MANOLYA MADENCILIK ANONIM SIRKETI (TR), Shipments: 1, Tonnage: 2172.28 tons
ARKAS LOJISTIK ANONIM SIRKETI (TR), Shipments: 78, Tonnage: 2172.25 tons
CVK MADEN ISLETMELERI SANAYI VE TICARET ANONIM SIRKETI (TR), Shipments: 1, Tonnage: 1260.00 tons"
WEALTHLINES CORPORATION (HK) LTD,CN,2,2080.0,0,0.0,0.0,"DELTA RESOURCES (PK), Shipments: 2, Tonnage: 2.08 tons"
WOGEN METAL COMMERCIAL (SHANGHAI) LTD,CN,51,1531060.0,0,0.0,0.0,"WOGEN RESOURCES LTD (TR), Shipments: 51, Tonnage: 1531.06 tons"
WOGEN RESOURCES LTD,CN,5,3937795.0,0,0.0,0.0,"ORHUN METAL MADENCILIK INSAAT SANAYI VE TICARET ANONIM SIRKETI (TR), Shipments: 3, Tonnage: 2992.28 tons
DELTA STAR ENERJI VE MADENCILIK SANAYI VE TICARET ANONIM SIRKETI (TR), Shipments: 2, Tonnage: 945.51 tons"
XIAMEN C&D MATERIAL,CN,70,1993600.0,0,70.0,1993.6,"GLOBUSTARR TRADING COMPANY LLC (ZA), Shipments: 70, Tonnage: 1993.60 tons"
XIAMEN ITG GROUP CORP LTD,CN,234,51610810.8,0,38.0,1129.42,"CVK MADEN ISLETMELERI SANAYI VE TICARET ANONIM SIRKETI (TR), Shipments: 8, Tonnage: 26872.29 tons
HAYRI OGELMAN MADENCILIK ANONIM SIRKETI (TR), Shipments: 7, Tonnage: 19195.30 tons
KINAY TAS VE LOJ AS (TR), Shipments: 118, Tonnage: 3278.96 tons
STAMCORP INTERNATIONAL PTE LTD (ZA), Shipments: 38, Tonnage: 1129.42 tons
AWTAD MINING LLC (OM), Shipments: 40, Tonnage: 1089.20 tons"
XIAMEN ITG GROUP CORP; LTD,CN,1,3513550.0,0,0.0,0.0,"ZAIMOGLU PETROL VE INSAAT URETIM PAZARLAMA SANAYI VE TICARET ANONIM SIRKETI (TR), Shipments: 1, Tonnage: 3513.55 tons"
XIAMEN ITG NONFERROUS METAL&MINERALS CO,CN,106,2937127.0,0,99.0,2932.395,"BAOSTEEL RESOURCES SOUTH AFRICA (PTY) LTD (ZA), Shipments: 63, Tonnage: 1862.12 tons
LANKERS INTERNATIONAL PTE LTD (ZA), Shipments: 36, Tonnage: 1070.28 tons
M/S ASIAN MINES&MINERALS (PK), Shipments: 7, Tonnage: 4.73 tons"
XIAMEN SHIHUA SLABSTONE CO LTD,CN,10,292300.0,0,0.0,0.0,"YAZAN INDUSTRIAL LTD (MZ), Shipments: 10, Tonnage: 292.30 tons"
XIAMEN XIANGYU COMMODITIES CO LTD,CN,471,12836611.0,0,111.0,3297.65,"HONGKONG TOPWAY TRADING CO LTD (ZA), Shipments: 111, Tonnage: 3297.65 tons
YEEYANG INTERNATIONAL LTD (MZ), Shipments: 101, Tonnage: 3011.23 tons
HONGKONG TOPWAY TRADING CO LTD (MZ), Shipments: 57, Tonnage: 1693.61 tons
IMPERIAL LOGISTICS (MZ), Shipments: 59, Tonnage: 1657.63 tons
ZONGFAN INTERNATIONAL TRADING (MZ), Shipments: 36, Tonnage: 1059.88 tons"
XIAMEN XIANGYU SUPERCHAIN SUPPLY CHAIN DEVELOPMENT CO LTD,CN,16,475380.0,0,16.0,475.38,"HONGKONG TOPWAY TRADING CO LTD (ZA), Shipments: 16, Tonnage: 475.38 tons"
XIAMEN XINDCO LTD,CN,36,1068205.0,0,36.0,1068.205,"ZOPCO SA (ZA), Shipments: 36, Tonnage: 1068.20 tons"
XIANGYU HONOUR WEALTH SUPPLY CHAIN CO LTD,CN,88,2266130.0,0,20.0,594.6,"BT INTERNATIONAL HK LTD (MZ), Shipments: 37, Tonnage: 1040.81 tons
FIRST CHRONICLES EXPORT&PROJECT (MZ), Shipments: 22, Tonnage: 621.06 tons
AFRICAN CHIEF INTERNATIONAL (ZA), Shipments: 20, Tonnage: 594.60 tons
KPK CHROMITE STONE (PK), Shipments: 8, Tonnage: 8.57 tons
MDM ENTERPRISES (PK), Shipments: 1, Tonnage: 1.09 tons"
XIANGYU HONOUR WEALTHY SUPPLU CHAIN CO LTD,CN,2,2128.0,0,0.0,0.0,"INDUS MINERAL (PK), Shipments: 2, Tonnage: 2.13 tons"
XIANGYU HONOUR WEALTHY SUPPLY CHAIN CO LTD,CN,3,1428.0,0,0.0,0.0,"SUPERIOR MINERALS (PK), Shipments: 3, Tonnage: 1.43 tons"
YINGKOU HIGH TECHNOLOGY SYNTHETIC REFRACTORIES CO LTD,CN,143,1544046.9,0,56.0,1523.38,"SAMCHROME FZE (ZA), Shipments: 56, Tonnage: 1523.38 tons
UNITED ENTERPRISES (PK), Shipments: 21, Tonnage: 5.72 tons
MDM ENTERPRISES (PK), Shipments: 21, Tonnage: 5.63 tons
USSA ENTERPRISES (PK), Shipments: 20, Tonnage: 5.19 tons
PACIFIC MINERALS (PK), Shipments: 25, Tonnage: 4.13 tons"
ZEUMAT IMPEX CO LTD,CN,2,328.5,0,0.0,0.0,"STONEBRIDGE TRADERS (PRIVATE) LTD (PK), Shipments: 2, Tonnage: 0.33 tons"
ZHEJIANG FREE TRADE ZONE XINSHUN,CN,77,2302300.0,0,77.0,2302.3,"WINCO INTERNATIONAL TRADING LTD (ZA), Shipments: 77, Tonnage: 2302.30 tons"
ZHEJIANG HUANLIAN HEDING METAL CO LTD,CN,7,174230.0,0,7.0,174.23,"LS ALLOYS TRADING SARL (ZA), Shipments: 7, Tonnage: 174.23 tons"
ZHEN DA REFRACTORIES CO LTD,CN,2,427.28999999999996,0,0.0,0.0,"USSA ENTERPRISES (PK), Shipments: 1, Tonnage: 0.29 tons
TWO STAR ENTERPRISES (PK), Shipments: 1, Tonnage: 0.13 tons"
ZHENDA REFRACTORIES CO LTD,CN,2,560.0,0,0.0,0.0,"UNIVERSAL MINE&MINERAL GROUPS (PK), Shipments: 2, Tonnage: 0.56 tons"
ZHESHANG DEVELOPMENT GROUP CO LTD,CN,207,5595795.27,0,0.0,0.0,"OAKTRON FZE (AL), Shipments: 199, Tonnage: 5586.27 tons
UNITED ENTERPRISES (PK), Shipments: 7, Tonnage: 8.43 tons
MDM ENTERPRISES (PK), Shipments: 1, Tonnage: 1.09 tons"
ZHESHANG DEVELOPMENT GROUP CO. LTD,CN,42,1143660.0,0,0.0,0.0,"OAKTRON FZE (AL), Shipments: 42, Tonnage: 1143.66 tons"
ZHONGDA BRIGHT FILTER PRESS CO.LTD,CN,6,0.0,0,0.0,0.0,"JINDAL STAINLESS LIMITED (IN), Shipments: 6, Tonnage: 0.00 tons"
ZHONGHANG INTERNATIONAL MINERALS&RESOURCES CO LTD,CN,51,1259588.0,0,42.0,1251.02,"EAST SOUTH TECHNOLOGIES (PTY) LTD (ZA), Shipments: 42, Tonnage: 1251.02 tons
GULF MINERALS FZE (PVT ) LTD (PK), Shipments: 8, Tonnage: 7.64 tons
MAX ORE SERVICES (PK), Shipments: 1, Tonnage: 0.92 tons"
ZHUHAI OLI UNION INTERNATIONAL TRADING CO LTD,CN,115,2844708.7,0,0.0,0.0,"OAKTRON FZE (AL), Shipments: 104, Tonnage: 2831.92 tons
UNITED ENTERPRISES (PK), Shipments: 11, Tonnage: 12.79 tons"
ZY INDUSTRIAL GROUP LTD,CN,1,197.19,0,0.0,0.0,"PAK RICE VILLAGE (PK), Shipments: 1, Tonnage: 0.20 tons"
nan,0,1,0.0,0,0.0,0.0,
